Шал:,Тагт:,Гараж:,Цонх:,Хаалга:,Цонхнытоо:,Барилгынявц,Ашиглалтандорсонон:,Барилгындавхар:,Талбай:,Хэдэндавхарт:,Лизингээравахболомж:,Дүүрэг:,Байршил:,Үзсэн:,Scraped_date:,Link:,Үнэ:,Өрөөний Тоо:,Зарын гарчиг:,Зарын Тайлбар:
Паркет,1тагттай,Байгаа,Вакум,Бүргэд,2,Ашиглалтадороогүй,2024,13,36.0м²,3,Хувьлизингтэй,УБ , Сүхбаатар,Үзсэн:240,23/12/2023,https://www.unegui.mn/adv/7844899_sutai-khotkhon/,"
2сая₮



үнэтохирно

",1 өрөө,                                                      Сутай хотхонд 1 өрөө 36м2                          ,☆ Говийн үйлдврийн баруун хойно байрлалтай.☆ Сутай хотхоны 2-р ээлжийн барилгадаа захиалга авч байна.☆ Барилгын ажлын явц 70% явагдаж байна.☆ Ашиглалтанд орох хугацаа 2024.3 улирал.☆ Төлбөрийн уян хатан нөхцөлийг танд санал болгоно.☆ Борлулалтын алба
Паркет,1тагттай,Байхгүй,Вакум,Бүргэд,1,Ашиглалтадорсон,2018,12,30.0м²,1,Лизинггүй,УБ , Сүхбаатар,Үзсэн:173,23/12/2023,https://www.unegui.mn/adv/7843074_zarnaaa/,"
105сая₮



үнэтохирно

",1 өрөө,                                                      1 өрөө 30м2                          ,Zarnaaa
Паркет,Тагтгүй,Байхгүй,Вакум,Төмөр,1,Ашиглалтадороогүй,2024,16,35.0м²,14,Лизинггүй,УБ ," Сүхбаатар, Сүхбаатар, Хороо 11",Үзсэн:69,23/12/2023,https://www.unegui.mn/adv/7906534_100-ail-khangai-khotkhony-ard-arga-bilig-khotkhond-1-oroo-bair-zarna/,"
95сая₮",1 өрөө,                                                      100 айл Хангай хотхоны ард Арга билиг хотхонд 1 өрөө 35м2 байр                          ,"- 100 айл Хангай хотхоны ард бизнес зэрэглэлийн цогцолбор Арга Билиг хотхонд 35,19мкв урагшаа харсан цонхтой 1 өрөө байр зарна.- Хотхондоо цэцэрлэг, сургууль, хүүхдийн тоглоомын талбай, коммюнити центр төлөвлөсөн. - Гадна зогсоол болон дулаан зогсоолыг хангалттай шийдэж өгсөнөөрөө давуу талтай."
Паркет,1тагттай,Байхгүй,Вакум,Бүргэд,2,Ашиглалтадорсон,1980,5,18.0м²,5,Банкнылизингтэй,УБ , Сүхбаатар,Үзсэн:153,23/12/2023,https://www.unegui.mn/adv/7885614_khuukhdiin-100-d-1-oroo-oron-suuts/,"
170сая₮",1 өрөө,                                                      Хүүхдийн 100-д 1 өрөө орон сууц                          ,"Хүүхдийн 100, Өгөөжийн урд, 5 давхар угсармал байрны 5 давхарт наран тал руу харсан цонхтой 1 өрөө байр зарна."
Паркет,1тагттай,Байхгүй,Вакум,Бүргэд,2,Ашиглалтадорсон,2000,6,45.0м²,4,Лизинггүй,УБ ," Сүхбаатар, Сүхбаатар, Хороо 7",Үзсэн:218,23/12/2023,https://www.unegui.mn/adv/7866279_khogzhim-buzhgiin-kollezh-s-khoish-400-500m-khoishoo-gal-togol-tusdaa-1-oroo/,"
125сая₮

135сая₮


үнэтохирно

",1 өрөө,"                                                      Сбд, 11-р хороолол гал тогоо тусдаа 1 өрөө байр                          ","СБД, 7-р хороо 11-р хороололд цэцэрлэг, сургууль, эмнэлэг, их дэлгүүр, бүх үйлчилгээний төвүүдтэй ойрхон, гадна зогсоол чиптэй, бүтэн засвартай болкон бүтэн рек хийсэн гал тогоо тусдаа 1 өрөө орон сууц худалдана.  Бэлгэнд Гал тогооны тавилга болон үүдний шкаф дагалдана.        Үнэ- 126 сая •2000 онд ашиглалтанд орсон•6/4 давхарт •Баруун харсан 2 цонхтой•Гэрчилгээ бэлэнБАЙРШИЛ: Төв зам дагуу байршилтай Хөгжим бүжгийн коллежээс хойш 400-500 м зайд байрлалтай, зуун айл ампер хаусын замын урд талын байр"
Паркет,1тагттай,Байхгүй,Вакум,Бүргэд,2,Ашиглалтадорсон,2023,16,34.01м²,2,Лизинггүй,УБ ," Сүхбаатар, Сүхбаатар, Хороо 9",Үзсэн:463,23/12/2023,https://www.unegui.mn/adv/7814965_dodgoon-nuurt-1-oroo-bair-khudaldana/,"
114сая₮",1 өрөө,                                                      Дөлгөөн нуурт 1 өрөө байр 34.01м2                          ,"📶✅️ Дөлгөөн нуурт 1 өрөө байр худалданаӨргөө-3 захиалга авч эхэллээ 2023 оны 12-р сард ашиглалтанд орно.       ✅️ 𝐔𝐫𝐮𝐮           𝐌𝟐           𝐓𝐬𝐨𝐧𝐡𝐧𝐢𝐢 𝐡𝐚𝐫𝐮𝐮𝐭𝐬2️⃣өрөө      | 34,01 𝐦𝟐 |    Зүүн Бэлэн төлөлтөнд 3,5сая банкны нөхцөлөөр 40% төлөлтөнд 3,6сая 🏗Барилгын явц - цутгалт дууссан, дулаанаа авсан🏡Төв талбайгаас ердөө 𝟏 км зайтай🏡Бүрэн цутгамал хийцлэлтэй🏡Улсын Их дээд сургуулиудруу алхаад орох зайд  СУИС;  МУИС,  ШУТИС🏡ЕБС 𝟒-𝟑-𝟓-𝟏𝟔-𝟐-𝟓𝟎р сургуулиудтай ойрИпотекийн_6_хувийн_зээл ЭОС зээлээр"
Паркет,1тагттай,Байхгүй,Вакум,Бүргэд,2,Ашиглалтадорсон,2015,10,39.8м²,7,Лизинггүй,УБ ," Сүхбаатар, 100 айл",Үзсэн:102,23/12/2023,https://www.unegui.mn/adv/7622910_sbd-11-khoroo-zuun-ail-515-bair-39-8-mkv-1-oroog-khudaldana/,"
119.4сая₮



үнэтохирно

",1 өрөө,                                                      100 айл хангай хотхоны зүүн талд 515 байр 40мкв 1 өрөө                          ,"Зүүн тийш харсан 2 цонхтой, тагттай, дулаахан, cургууль, цэцэрлэг, автобусны буудал, зах худалдааны төвүүдтэй ойрхон. Хотын төвөөс 1.5 км зайтай. А бүс."
Паркет,Тагтгүй,Байхгүй,Вакум,Төмөр,2,Ашиглалтадорсон,2012,5,42.0м²,5,Лизинггүй,УБ ," Сүхбаатар, 11-р хороолол",Үзсэн:1403,23/12/2023,https://www.unegui.mn/adv/7575222_11-r-khoroolol-avtobusny-buudlyn-khoino-zam-daguu-gal-togoo-tusdaa-1-oroo-bair/,"
100сая₮

105сая₮


үнэтохирно

",1 өрөө,                                                      11-р хороолол автобусны буудлын хойно гал тогоо тусдаа 1 өрөө 42м2                          ,Өвөлдөө маш дулаахан. Ашиглалтын сөх зардал маш бага. 5 давхар байрны 5 давхарт. Цонх харууц сайтай.
Паркет,1тагттай,Байхгүй,Вакум,Төмөр,1,Ашиглалтадороогүй,2024,16,30.9м²,10,Лизинггүй,УБ ," Сүхбаатар, 100 айл",Үзсэн:127,23/12/2023,https://www.unegui.mn/adv/7719800_arga-bileg/,"
89.61сая₮



үнэтохирно

",1 өрөө,                                                      Арга билэг хотхонд 1 өрөө байр 30.9м2                          ,"#Гэрбүлтөвтэй АРГА БИЛИГ цогцолбор 1 өрөө байр борлуулалтаас хямд худалдана.🚩В блок ✅30.9мк 1өрөө ✅14 давхарт✅хойшоо харсан цонхтой📢Төлбөрийн нөхцөл: бартерт машин сонсоно📢Захиалгын гэрээг үндсэн гүйцэтгэгч компани руу шилжүүлж өгнө‼🏁Байршил: СБД хангай хотхоны хойно. 🏷Давуу тал: Хотхондоо сургууль, цэцэрлэг, хүүхдийн тоглоомын талбай зэргийг шийдсэн цогц шийдэл хотхон #argabiligtown #Familyfirst #childrenfirst #аргабилигхотхон #ХүүхдийнТөлөөБарилга #Гурван_Бухат_Групп #gurvanbukhatgroup #gbgroup"
Паркет,1тагттай,Байхгүй,Вакум,Бүргэд,1,Ашиглалтадорсон,2018,15,36.0м²,8,Лизинггүй,УБ ," Сүхбаатар, Сүхбаатар, Хороо 1",Үзсэн:107,23/12/2023,https://www.unegui.mn/adv/7904844_skhd-t-1-oroo-bair-zarna/,"
150сая₮



үнэтохирно

",1 өрөө,"                                                      Сүхбаатар дүүрэг, 1 хороо 1 өрөө 36m2 байр                          ","2018 онд ашиглалтад орсонТоглоомын талбайд машин орохгүй ,эрүүл аюулгүй орчинХудалдаа үйлчилгээний төвүүдтэй ойрТалбайтай ойр•Сүхбаатар дүүрэг, 1 хороо, Golden Vill хотхоны хажууд байрлах байранд 8 давхарт 36мкв талбайтай , 1 өрөө байр зарна"
Паркет,1тагттай,Байхгүй,Вакум,Бүргэд,2,Ашиглалтадороогүй,2024,12,30.6м²,7,Лизинггүй,УБ ," Сүхбаатар, Дөлгөөн нуур",Үзсэн:298,23/12/2023,https://www.unegui.mn/adv/7902697_new-residence-1-oroo-bair-zarna/,"
80сая₮",1 өрөө,                                                      New residence 1 өрөө байр                          ,New residence hothond  2024 onii 1 dugeer ulirald oroh 30.60 tai 1 uruu bair zarna
Паркет,1тагттай,Байгаа,Вакум,Бүргэд,2,Ашиглалтадороогүй,2024,12,38.0м²,5,Хувьлизингтэй,УБ ," Сүхбаатар, Сүхбаатар, Хороо 8",Үзсэн:146,23/12/2023,https://www.unegui.mn/adv/7813267_muonrt-zuun-tald-bairlaltai-1-oroo-bair/,"
60сая₮



үнэтохирно

",1 өрөө,                                                      Мүонрт зүүн талд 1 өрөө байр 38m2                          ,"МҮОНРТ-ийн зүүн талд буюу Телевизд байрлалтай 12 давхар бүрэн цутгамал хийцлэлтэй шинээр баригдаж байгаа хотхонд  1 өрөө байр борлуулалтын тал үнээр худалдана. Давуу талууд: Хотын хамгийн өндөрлөг хэсэг агаарын солилцол сайн, Хотын төвөөс 2,4км зайтай. Төлбөрийн нөхцөл тохиролцоно. Машин бартер оролцуулах боломжтой. Компаний хүүгүй хувь лизинг 2 жилЖич: 2024 оны 4-р улиралд ашиглалтад орно.Бидний ажлыг хүндэтгэн зараа сайн уншиж залгаарай. Баярлалаа"
Цемент,Тагтгүй,Байхгүй,Вакум,Бүргэд,1,Ашиглалтадорсон,2022,12,29.0м²,13,Лизинггүй,УБ ," Сүхбаатар, Сүхбаатар, Хороо 11",Үзсэн:86,23/12/2023,https://www.unegui.mn/adv/7647627_khangai-khotkhon-shine-bairand-5m-ondor-taaztai-tekhnikiin-29-mkv-oroog-belen-mongoor/,"
125сая₮



үнэтохирно

",1 өрөө,                                                      Хангай хотхонд 5м өндөр таазтай техникийн 29 мкв 1 өрөө                          ,"2 давхар болговол 25мкв нэмэгдэж 53мкв болно. Зүүн харсан цонхтой. Цахилгаан халуун хүйтэн бохир оруулсан. суултуур,угаалтуур,ваннтай. хана цагаан замаск шар емульстэй.шал хийгдээгүй. хулдаастай.Машин сонирхоно.Зууч залгахгүй байхыг хүсье. Худалдан авсан гэрээтэй."
Паркет,1тагттай,Байхгүй,Вакум,Бүргэд,3,Ашиглалтадорсон,2000,6,45.0м²,4,Лизинггүй,УБ ," Сүхбаатар, 11-р хороолол",Үзсэн:111,23/12/2023,https://www.unegui.mn/adv/7903464_khotyn-tov-11r-khoroolol-1-oroo-bair/,"
125сая₮",1 өрөө,                                                      Хотын төв 11р хороолол 1 өрөө байр                          ,"Хотын төвд, 11-р хороололд сургууль, цэцэрлэг, эмнэлэг, их дэлгүүр, бүх үйлчилгээнд ойр, гадна зогсоол чиптэй,бүтэн засвартай гал тогоо тусдаа 1 өрөө, болкон рек хийсэн байр зарна. Гал тогооны тавилга, үүдний шкаф дагалдана"
Паркет,1тагттай,Байхгүй,Вакум,Бүргэд,1,Ашиглалтадороогүй,2023,16,34.21м²,5,Лизинггүй,УБ ," Сүхбаатар, Дөлгөөн нуур",Үзсэн:49,23/12/2023,https://www.unegui.mn/adv/7818573_tushig-bagana-khotkhond-dolgoon-nuurt-1-oroo-shine-bair-34-21-mkv/,"
110сая₮",1 өрөө,                                                      Дөлгөөн нуурт Түшиг багана хотхонд 1 өрөө байр 34.21 мкв                          ,"Дөлгөөн нуурт Түшиг багана хотхонд шинэ, 34.21 мкв  1 өрөө байр зарна. Хотын төвд ойрхон. 12 сард ашиглалтанд орох гэж бна. Урагшаа харсан цонхтой тагттай. 16/6 давхарт. Бэлнээр зарна. Үндсэн компанитай гэрээ хийгдэнэ. Үнэ: 110.0 саяд өгнө."
Паркет,1тагттай,Байхгүй,Вакум,Бүргэд,2,Ашиглалтадорсон,1999,9,32.4м²,9,Банкнылизингтэй,УБ ," Сүхбаатар, Сүхбаатар, Хороо 8",Үзсэн:26,23/12/2023,https://www.unegui.mn/adv/7906587_sbd-11-r-khoroolold-1-oroog-2-oroo-bolgozh-zassan-oron-suuts-khudaldana/,"
145сая₮



үнэтохирно

",1 өрөө,"                                                      Сбд 11-р хороололд 1 өрөөг 32,4м2                          ","📍СБД 11-р хороололд 2-р сургуулийн баруун талд📌Угсармалын 1 өрөөг 2 өрөө болгож зассан орон сууц худалдана.✔️Зүүн болон, урагш харсан цонх, тагттай✔️9/9 давхарт✔️Хотын төвийн бүх үйлчилгээтэй ойр✔️2-р сургууль, Дойчэ, Хөгжим бүжиг, МУИС, ШУТИС сургуулиудтай ойр"
Паркет,1тагттай,Байхгүй,Вакум,Бүргэд,1,Ашиглалтадороогүй,2023,15,34.21м²,7,Лизинггүй,УБ ," Сүхбаатар, Дөлгөөн нуур",Үзсэн:52,23/12/2023,https://www.unegui.mn/adv/7788305_hotiin-tuvd-1-uruu-shine-bair-zarna/,"
3.3сая₮",1 өрөө,                                                      Hotiin tuvd 1 uruu bair 34.21m2                          ,"dulguun nuuriin hajuud 1uruu 34 m2 bvh ih deed surguuli,2,3 ,4,5,39,52 baga surguuli zahuud oir naran taldaa uragshaa harsan bair bvren tsutgmal solongos haalga oboi uhaalag tsoij unaltai taaz ghm chanartai bair bgaa ashiglaltand orood ail ni orj ehlelee"
Паркет,Тагтгүй,Байхгүй,Вакум,Бүргэд,2,Ашиглалтадорсон,2013,12,36.0м²,4,Лизинггүй,УБ ," Сүхбаатар, 11-р хороолол",Үзсэн:279,23/12/2023,https://www.unegui.mn/adv/7886011_khan-uul-duureg/,"
11.5сая₮",1 өрөө,                                                      Хан-уул дүүрэг 1 өрөө байр                          ,Хан-уул дүүргийн уулзварын хойд талд 1 өрөө байр худалдана.
Паркет,1тагттай,Байгаа,Вакум,Бүргэд,1,Ашиглалтадорсон,2023,16,34.21м²,4,Лизинггүй,УБ ," Сүхбаатар, Дөлгөөн нуур",Үзсэн:18,23/12/2023,https://www.unegui.mn/adv/7909901_dolgoon-nuurt-shine-1-oroo-bair-khudaldana/,"
119сая₮



үнэтохирно

",1 өрөө,                                                      Дөлгөөн нуурт 1 өрөө байр                          ,- Зөвхөн бэлэн төлөлтөд худалдана- урагш харууцтай- 34.21м²
Паркет,1тагттай,Байхгүй,Вакум,Бүргэд,1,Ашиглалтадорсон,2015,16,61.22м²,9,Лизинггүй,УБ ," Сүхбаатар, Сүхбаатар, Хороо 3",Үзсэн:64,23/12/2023,https://www.unegui.mn/adv/7783824_nomuun-khotkhond-61-22-m2-1-oroo-oron-suuts-khudaldana/,"
220сая₮",1 өрөө,                                                      Номуун хотхонд 61.22 м² 1 өрөө орон сууц                          ,"СБД, Циркийн баруун талд Номуун хотхонд 61.22 м² 1 өрөө орон сууц худалдана.Үнэ: 220 сая- 61.22 м² | 1 өрөө- 16/9-н давхарт- Зүүн урагшаа харсан харууцтай, тагттай- Харанхуй өрөөтэй- Гэрчилгээ бэлэн"
Паркет,1тагттай,Байхгүй,Вакум,Бүргэд,2,Ашиглалтадороогүй,2023,16,32.5м²,5,Лизинггүй,УБ ," Сүхбаатар, Сүхбаатар, Хороо 9",Үзсэн:338,23/12/2023,https://www.unegui.mn/adv/7852323_dolgoon-nuut-shine-ashiglaltad-orzh-baigaa-1-oroo-bair-zarna/,"
95сая₮



үнэтохирно

",1 өрөө,                                                      Дөлгөөн нуурт 1 өрөө 32.5м2 байр                          ,1 өрөө байр зарна
Паркет,1тагттай,Байхгүй,Төмөрвакум,Төмөрвакум,2,Ашиглалтадороогүй,2024,16,32.5м²,9,Лизинггүй,УБ ," Сүхбаатар, Дөлгөөн нуур",Үзсэн:295,23/12/2023,https://www.unegui.mn/adv/7845606_dolgoon-nuurt-buren-tsutgamal-khiitstei-16-9-davkhart-32-5m2-1-oroo-bair-zarna/,"
95сая₮",1 өрөө,"                                                      Дөлгөөн нуурт бүрэн цутгамал хийцтэй 16-9 давхарт 32,5м2 1 өрөө байр                          ",Зөв зохион байгуулалттай 1 өрөө
Паркет,1тагттай,Байхгүй,Вакум,Төмөр,1,Ашиглалтадорсон,2023,16,35.0м²,14,Лизинггүй,УБ ," Сүхбаатар, Дөлгөөн нуур",Үзсэн:353,23/12/2023,https://www.unegui.mn/adv/7767527_dolgoon-nuurt-tushig-bagana-khotkhond/,"
119сая₮",1 өрөө,                                                      Түшиг багана хотхонд 1 өрөө 35мкв                          ,"Төв талбайгаас хойш 1км‼️ ДӨЛГӨӨН НУУРТ  1өрөө байр зарна.                                                                                                   [34,21м2] (урагшаа, болконтой) 👍Гадна зогсоол, тоглоомын талбай сайтай🎯Ойр орчимд:  Компьютер молл, 4-р сургууль, 9-р хороо, өрхийн эмнэлэг, ИХ ТОЙРУУ худалдааны төв"
Паркет,1тагттай,Байхгүй,Вакум,Бүргэд,1,Ашиглалтадорсон,2014,9,39.47м²,9,Лизинггүй,УБ ," Сүхбаатар, 220 мянгат",Үзсэн:205,23/12/2023,https://www.unegui.mn/adv/7840457_nisekh-buiant-ukhaa-1-39-47mkv-1-oroo-zarna/,"
95сая₮",1 өрөө,                                                      Нисэх буянт ухаа 1 39.47мкв 1 өрөө                          ,Хуучин нисэхийн замын хойно байрлах буянт ухаа 1 хотхонд баруун харсан том цонхтой 39.47мкв цэлгэр 1 өрөө байр зарна.Засвар хийгээд удаагүй маш цэвэрхэн байр бна.
Паркет,1тагттай,Байхгүй,Вакум,Бүргэд,2,Ашиглалтадорсон,1998,9,32.4м²,9,Лизинггүй,УБ ," Сүхбаатар, 11-р хороолол",Үзсэн:43,23/12/2023,https://www.unegui.mn/adv/7906846_11-khoroolol-1-oroog-2-oroo-bolgoson-2-oroo-bair-khudaldana/,"
145сая₮",1 өрөө,                                                      11 хороолол 1 өрөө байр                          ,"📍СБД 11-р хороололд Угсармалын 1 өрөөг 2 өрөө болгож зассан орон сууц худалдана.📌Зүүн болон, урагш харсан цонх, тагттай📌 9/9 давхарт📌 18мкв/32.4мкв 145,000,000₮✔️Хотын төвийн бүх үйлчилгээтэй ойр✔️2-р сургууль, Дойчэ, Хөгжим бүжиг, МУИС, ШУТИС сургуулиудтай ойр"
Цемент,1тагттай,Байхгүй,Мод,Төмөр,3,Ашиглалтадорсон,1981,9,34.0м²,5,Лизинггүй,УБ , Сүхбаатар,Үзсэн:84,23/12/2023,https://www.unegui.mn/adv/7888162_84-r-surguuliin-zuun-urd-11-r-bair-5n-davkhart-gal-togoo-tusdaa-1-oroo-bair-zarna/,"
130сая₮",1 өрөө,                                                      84-р сургуулийн зүүн урд 11-р байр 5н давхарт гал тогоо тусдаа 1 өрөө байр 34м2                          ,"Хойшоо 84-р сургууль руугаа харсан том балконтой, зүүн тийшээ харсан 2 цонхтой, орц нь шинэ засвар хийгдсэн, Ойр орчим модтой, зогсоол олдоцтой"
Паркет,1тагттай,Байхгүй,Вакум,Бүргэд,3,Ашиглалтадорсон,1980,5,17.0м²,4,Лизинггүй,УБ ," Сүхбаатар, Сүхбаатар, Хороо 2",Үзсэн:94,23/12/2023,https://www.unegui.mn/adv/7532073_220-miangatad-shaazan-vaarny-uildveriin-urd-1-oroo/,"
220сая₮",1 өрөө,                                                      220 мянгатад шаазан ваарны үйлдвэрийн урд 1 өрөө                          ,"220 мянгатад Хуучнаар 17м2/39м2/ 1 өрөөг 2 өрөө болгож янзалсан байр зарна.   📌Бүрэн засвар хийгдсэн/гал тогооны тавилга, угаалгын машин үлдэнэ/   📌Циркийн зүүн талд шаазан ваарны үйлдвэрийн чанх урд   📌5 давхрын 4давхарт   📌Урагшаа харсан 3 цонх, 1 тагттай   📌Зогсоол, хүүхдийн тогдоомын талбай, ногоон орчин сайтай"
Паркет,1тагттай,Байхгүй,Вакум,Төмөр,3,Ашиглалтадорсон,2013,6,53.0м²,1,Банкнылизингтэй,УБ ," Сүхбаатар, Сүхбаатар, Хороо 8",Үзсэн:86,23/12/2023,https://www.unegui.mn/adv/7906661_bagshiin-deed/,"
188сая₮



үнэтохирно

",1 өрөө,                                                      Багшийн дээд 1 өрөө                          ,"🍭Багшийн дээд, ХҮИС-н  ард 53мк нэг давхрын 1 өрөө байр худалдаална.👉- Байрлал: Сүхбаатар дүүрэг 8-р хороо👉- 6/1 давхарт 👉- Баруун харсан 3 цонхтой👉- Үнэ: 188 саяас ярилцана 👉-  Давуу тал: Хотын төвд, Их сургуулиудын бүсэд, 3 цонхтой тул 2 өрөө болгон салгах боломжтой. Нэг давхарт тул оффис үйлчилгээгээр ашиглах боломжтой."
Паркет,1тагттай,Байгаа,Вакум,Бүргэд,1,Ашиглалтадороогүй,2024,8,34.85м²,16,Хувьлизингтэй,УБ ," Сүхбаатар, Дарь Эх",Үзсэн:548,23/12/2023,https://www.unegui.mn/adv/7536961_shine-dar-ekh-khotkhon-1-oroo/,"
1.5сая₮",1 өрөө,                                                      Шинэ дарь-эх хотхон 1 өрөө 34.85м2                          ,Шинэ дарь-эх хотхонд урьдчилсан захиалга авна
Паркет,1тагттай,Байхгүй,Вакум,Төмөр,1,Ашиглалтадорсон,2023,16,35.0м²,2,Лизинггүй,УБ ," Сүхбаатар, Дөлгөөн нуур",Үзсэн:370,23/12/2023,https://www.unegui.mn/adv/7885214_dolgoon-nuurt-kompiuter-moll-n-khoino-shine-1oroo/,"
110сая₮",1 өрөө,                                                      Дөлгөөн нуурт 1 өрөө 35m2                          ,"Төв талбайгаас хойш 1км‼️ ДӨЛГӨӨН НУУРТ шинэ 1өрөө байр зарна.                                                                                                                [34,21м2] 16/2давхарт (урагшаа харсан, болконтой) 👍 🎯Ойр орчимд:  Компьютер молл, 4-р сургууль, 9-р хороо, өрхийн эмнэлэг, ИХ ТОЙРУУ худалдааны төв                                                               ✅️  Гадна зогсоол, тоглоомын талбай     сайтай                                                                       ✅️Бүрэн цутгамал✅ Европ сан техник/Турк, герман/🛀✅ Герман паркет✅ Солонгос обой, хаалга✅ Smart lock-үүдний хаалга 🗝"
Паркет,1тагттай,Байхгүй,Вакум,Бүргэд,2,Ашиглалтадорсон,2023,16,37.88м²,5,Лизинггүй,УБ ," Сүхбаатар, Дөлгөөн нуур",Үзсэн:102,23/12/2023,https://www.unegui.mn/adv/7897258_dolgoon-nuur-37-88mkv-1-oroo-zarna/,"
121.22сая₮



үнэтохирно

",1 өрөө,                                                      Дөлгөөн нуур 37.88мкв 1 өрөө                          ,"Дөлгөөн нуурт 37.88мкв 1 өрөө байр зарна. Бүх цонх наран талдаа, эмнэлэг сургууль, худалдаа үйлчилгээ ойр байрыг зарна"
Паркет,1тагттай,Байхгүй,Вакум,Төмөр,1,Ашиглалтадороогүй,2023,16,34.21м²,13,Лизинггүй,УБ ," Сүхбаатар, Сүхбаатар, Хороо 9",Үзсэн:210,23/12/2023,https://www.unegui.mn/adv/7792219_tushig-bagana/,"
3.2сая₮



үнэтохирно

",1 өрөө,                                                      Түшиг багана 1 өрөө                          ,"🏠 Тун удахгүй ашиглалтанд орон сууц санал болгоё. #Сүхбаатарын талбайгаас хойш ердөө 1 км#Novoferm DB Inc🇰🇷🇩🇪гадна /галын хамгаалалтай/хаалга #Солонгос 🇰🇷 дотор хаалга#Solity 🇰🇷 Дижитал смарт цоож#Kimsco 🇰🇷 холигчнууд #Солонгос 🇰🇷 обой#Egger 🇩🇪паркет #Dollken 🇩🇪 плинтус 1️⃣ өрөө 34.21мк / E айл/Үнэ: 3,200.000 #Хаяг: Сүхбаатар дүүрэг 9-р хороо Дөлгөөн нуур Авто худалдааны төвийн баруун хойд талд"
Паркет,1тагттай,Байхгүй,Вакум,Бүргэд,1,Ашиглалтадорсон,2010,16,61.0м²,9,Лизинггүй,УБ ," Сүхбаатар, Сүхбаатар, Хороо 3",Үзсэн:126,23/12/2023,https://www.unegui.mn/adv/7859270_tsirkiin-baruun-tald-nomuun-khotkhond-1-oroo-bair-khudaldana/,"
220сая₮",1 өрөө,                                                      Циркийн баруун талд номуун хотхонд 1 өрөө байр                          ,"✅️ СБД, Циркийн баруун талд Номуун хотхонд 61.22 м² 1 өрөө орон сууц худалдана. Үнэ: 3,6 сая | м² буюу нийт 220 сая ₮.- 61.22 м² | 1 өрөө- 16/9-н давхарт- Зүүн урагшаа харсан харууцтай, тагттай- Харанхуй өрөөтэй- Гэрчилгээ бэлэн#1_өрөө_зарна #Номуун_хотхон #1_өрөө"
Паркет,1тагттай,Байхгүй,Вакум,Төмөр,2,Ашиглалтадорсон,2023,16,30.0м²,6,Лизинггүй,УБ , Сүхбаатар,Үзсэн:553,23/12/2023,https://www.unegui.mn/adv/7611571_dolgoon-nuurt-3-r-surguuliin-baruun-khoino-shine-1oroo-bair/,"
106сая₮",1 өрөө,"                                                      Дөлгөөн нуурт, 3-р сургуулийн баруун хойно, шинэ 1өрөө байр                          ","3-р сургуулийн хойно, үйлдвэр урлалын сургуулийн замын эсрэг талд гэрчилгээтэй шинэ байр худалдна. 3, 4, 16-р сургууль, их дээд сургуулиудтай ойр Талбайгаа хойш 1км зайтай, төв зам дагуу, хойшоо баруун харууцтай 100% бүрэн цутгамал байр."
Паркет,Тагтгүй,Байхгүй,Вакум,Төмөр,2,Ашиглалтадорсон,2012,5,42.0м²,5,Лизинггүй,УБ , Сүхбаатар,Үзсэн:214,23/12/2023,https://www.unegui.mn/adv/7889303_11-r-khoroolold-zuun-ailyn-urd-uulzvar-deer-1oroo-bair-khudaldana/,"
100сая₮",1 өрөө,                                                      11-р хороололд зуун айлын урд уулзвар дээр 1 өрөө байр 42м2                          ,"11-р хороололд Номин супермаркетаас хойш төв зам дагуу 26-р байранд гал тогоо тусдаа 1 өрөө байр худалдана42мкв маш дулаахан 5/5давхарт лифтгүй хойшоо Зуун айлруугаа харууцтай2,3-р сургууль 130-р цэцэрлэгийн харьяазасвар хийх шаардлагатайбайрлал сайтай, зогсоол сайтай2012онд ашиглалтанд орсон гэрчилгээ бэлэн доод үнэ 100саяд"
Паркет,1тагттай,Байхгүй,Вакум,Төмөрвакум,2,Ашиглалтадорсон,2000,9,45.0м²,6,Банкнылизингтэй,УБ ," Сүхбаатар, 100 айл",Үзсэн:278,23/12/2023,https://www.unegui.mn/adv/7870747_45mkv-1-oroo-zarna/,"
1.35сая₮



үнэтохирно

",1 өрөө,                                                      100 айлд 1-өрөө                          ,100 Айлд 45 Мкв 1- өрөө Худалдана
Паркет,1тагттай,Байхгүй,Вакум,Бүргэд,1,Ашиглалтадорсон,2010,12,41.0м²,7,Лизинггүй,УБ ," Сүхбаатар, 100 айл",Үзсэн:305,23/12/2023,https://www.unegui.mn/adv/7887143_100-ail-atlas-tai-bairand-41m2-buren-zasvar-khiigdsen-bair/,"
120сая₮",1 өрөө,                                                      100 айл атлас-тай байранд 41мкв 1 өрөө                          ,"1. Суултуур нь өөрөөсөө Бидэ-тэй 2. Бүх разетка унтраалга сольсон3. Цэвэр бохир шугамаа шинээр сольсон4. 00-н өрөө плитагүй (Дотор чулуун замаскатай Япон улс)5. 00-н хаалга Арцат вүүдийн цэвэр модон хаалгатай6. Бүргэд хаалга шинэ давхар цоожтой7. Ухаалаг Смарт цоожтой ( карт-2ш, Сос түлхүүр-2ш, 5н хүний хуруу хээ санана, Мөн кодоор онгойно)8. Үүдний хэсэг 00-н өрөө хөөсөн хүрээтэй нүдэн гэрэлтэй9. ТВ хэсэгт хөөсөн жааз нүдэн гэрэлтэй мөн Япон чулуун замаскатай. 10. Орос эмульсдэг обойтой."
Паркет,1тагттай,Байгаа,Вакум,Төмөр,3,Ашиглалтадорсон,2012,12,45.8м²,4,Лизинггүй,УБ ," Сүхбаатар, Дөлгөөн нуур",Үзсэн:41,23/12/2023,https://www.unegui.mn/adv/7761508_dolgoon-nuurt-1-oroo-bair-khudaldana/,"
140сая₮



үнэтохирно

",1 өрөө,                                                      Дөлгөөн нуурт 1 өрөө байр                          ,"📍 СБД, Дөлгөөн нуур-т 1 өрөө байр худалдана.  ✅ Үнэ: м2-3 сая✅ Хажуугийн 46.9м2 - 2 өрөө байр нэмж 3 өрөө байр болгон худалдан авах боломжтой✅ Гэрчилгээ сул байгаа✅ Урагшаа 2, Баруун 1 харсан цонхтой ✅ Дулаан зогсоолтой /30 сая/✅ Хотын төвд байршил сайтай"
Паркет,Тагтгүй,Байхгүй,Вакум,Бүргэд,1,Ашиглалтадороогүй,2024,16,35.19м²,15,Лизинггүй,УБ ," Сүхбаатар, Сүхбаатар, Хороо 11",Үзсэн:86,23/12/2023,https://www.unegui.mn/adv/7839120_arga-bilig-khotkhond-1-oroo-boir-khudaldana/,"
99сая₮",1 өрөө,                                                      Арга билиг хотхонд 1 өрөө байр 35.19м2                          ,"📍 Арга билиг цогцолбор хотхонд 1 өрөө байр худалдана.  - Байршил: СБД 11-р хороо, 100айл Хангай хотхоны хойно - 16 давхар бүхий орон сууцны 14 давхарт урагшаа харсан цонхтой 35,19мкв 1 өрөө - Ашиглалтад орох хугацаа: 2024 оны 2-р улирал."
Паркет,Тагтгүй,Байхгүй,Вакум,Бүргэд,2,Ашиглалтадорсон,2009,5,42.0м²,4,Банкнылизингтэй,УБ ," Сүхбаатар, 11-р хороолол",Үзсэн:116,23/12/2023,https://www.unegui.mn/adv/7809027_gal-togoo-tusdaa-42mk-1-oroo-bair-zarna/,"
3сая₮



үнэтохирно

",1 өрөө,                                                      Сбд гал тогоо тусдаа 42м2 1 өрөө байр                          ,"Бүх үйлчилгээ, сургууль, цэцэрлэг автобусны буудалдаа ойрохонӨвөлдөө дулаахан,Гадна зогсоолтой,Ургашаа харсан 2 цонхтой нарны тусгал сайн,Гал тогооны тавилга үлднэ."
Паркет,1тагттай,Байхгүй,Вакум,Бүргэд,1,Ашиглалтадорсон,2023,16,27.5м²,2,Лизинггүй,УБ ," Сүхбаатар, Дөлгөөн нуур",Үзсэн:91,23/12/2023,https://www.unegui.mn/adv/7894671_1-uruu-bair-zarna/,"
100сая₮



үнэтохирно

",1 өрөө,"                                                      Сбд дөлгөөн нуурын ард 1 өрөө байр 27,5м2                          ",SBD Dulguun nuuriin hoino 1 iruu bair zarna
Паркет,1тагттай,Байхгүй,Вакум,Бүргэд,2,Ашиглалтадорсон,1982,4,18.0м²,4,Лизинггүй,УБ ," Сүхбаатар, Сүхбаатар, Хороо 3",Үзсэн:86,23/12/2023,https://www.unegui.mn/adv/7909582_ulaanbaatar-ikh-delguuriin-baruun-tald-ebs-11r-surguuliin-zamyn-iag-esreg-tald/,"
154сая₮



үнэтохирно

",1 өрөө,                                                      Улаанбаатар их дэлгүүрийн баруун талд ебс 11р сургуулийн замын яг эсрэг талд 1 өрөө байр 18м2                          ,Улаанбаатар их дэлгүүрийн баруун талд зам дагуу гал тогоо тусдаа 1 өрөөг байрыг 2 өрөө болгон зассан байр яаралтай зарна.хуучнаар 18м2
Паркет,1тагттай,Байхгүй,Вакум,Бүргэд,1,Ашиглалтадорсон,2015,9,61.22м²,12,Лизинггүй,УБ ," Сүхбаатар, Сүхбаатар, Хороо 3",Үзсэн:49,23/12/2023,https://www.unegui.mn/adv/7770095_nomun-1-oroo-bair/,"
220сая₮



үнэтохирно

",1 өрөө,                                                      Номун 1 өрөө байр 61.22м2                          ,Номун Хотхонд  61.22м2 1 өрөө байр худалдана9 Давхарт Зүүн Урагш Харсан Цонхтой
Паркет,Тагтгүй,Байхгүй,Вакум,Бүргэд,1,Ашиглалтадороогүй,2024,20,41.5м²,20,Лизинггүй,УБ ," Сүхбаатар, Сүхбаатар, Хороо 8",Үзсэн:107,23/12/2023,https://www.unegui.mn/adv/7894054_river-castle-1-oroo/,"
5сая₮",1 өрөө,                                                      River castle 1 өрөө 41.5m2                          ,"🏢RIVER CASTLE: ""В"" БЛОК 🥳🥳🆗Эрхэм танд зориулсан 41.5 мкв 1 өрөөнөөс санал болгож байна 2024 оны 3 сард ашиглалтанд орохДавуу тал: 🎯Дахин давтагдашгүй үнэ цэнтэй байршил 🎯Таны хэрэгцээг бүрэн хангах худалдаа үйлчилгээний төвүүдийг нэг дор цогцлоосон. 🏢1F-6F🎯Чанараар тэргүүлэгч дэлхийн брэндүүдээр тоноглосон.🏗💎Байрлал: СБД, 8-р хороо Чингис хаан зочид буудлын баруун талд👩‍💻Загварын байр өдөр бүр 09:00-19:00 цагийн хооронд очиж болно"
Паркет,1тагттай,Байгаа,Вакум,Бүргэд,3,Ашиглалтадорсон,1985,5,38.0м²,4,Лизинггүй,УБ , Сүхбаатар,Үзсэн:177,23/12/2023,https://www.unegui.mn/adv/7877918_gazarchin-1-uruug-2-uruu-bolgoson/,"
75сая₮",1 өрөө,                                                      Gazarchin 1 uruug 38м2                          ,mash dulaahan gadnaa zogsool sn chiptei.
Паркет,1тагттай,Байхгүй,Вакум,Бүргэд,2,Ашиглалтадорсон,2023,4,37.88м²,8,Лизинггүй,УБ ," Сүхбаатар, 100 айл",Үзсэн:363,23/12/2023,https://www.unegui.mn/adv/7884823_sbd-n-11-khoroo-up-town-vista/,"
118сая₮



үнэтохирно

",1 өрөө,"                                                      Сбд-н 11 хороо up town vista 1 өрөө байр 37,88м2                          ",100 зуун айлд байрлалтай наран талдаа цонхтой маш дулаан шинэ нэг өрөө байр яаралтай зарна
Паркет,1тагттай,Байхгүй,Вакум,Бүргэд,2,Ашиглалтадорсон,2023,16,34.21м²,4,Лизинггүй,УБ ," Сүхбаатар, Дөлгөөн нуур",Үзсэн:112,23/12/2023,https://www.unegui.mn/adv/7904329_dolgoon-nuurt-1-oroo-bair-zarna/,"
3.5сая₮



үнэтохирно

",1 өрөө,                                                      Дөлгөөн нуурт 1 өрөө байр                          ,дөлгөөн нуурт 34.21м2 сая ашиглалтанд орсон байр зарна
Паркет,1тагттай,Байгаа,Вакум,Бүргэд,1,Ашиглалтадороогүй,2024,16,30.75м²,3,Хувьлизингтэй,УБ ," Сүхбаатар, Сүхбаатар, Хороо 9",Үзсэн:321,23/12/2023,https://www.unegui.mn/adv/7866388_nisekhed-1-oroo-59-saia-95587711/,"
59сая₮



үнэтохирно

",1 өрөө,                                                      Нисэхэд 1 өрөө 30.75m2                          ,"👉Бэлэн төлөлтөнд 1,950,00 төгрөг#ХҮҮГҮЙ_ЛИЗИНГ ‼️‼️.      #ОРЛОГО_НОТЛОХГҮЙ‼️‼️✅Ашиглалтад орох хугацаа: эхний ээлж: 2024 оны 12сард ✅Төслийн давуу тал:    👉 НОСК захилгаар мэргэжлийн баг гүйцэтгэж байна.    👉 100% бүрэн цутгамал    ⭐ Яг дэргэдээ улсын сургууль, цэцэрлэгтэй    👉 Худалдаа үйлчилгээний нэгдсэн төв      👉 2.85 метр өндөр тааз бүхий саруулхан өрөөнүүд    👉 24 цагийн хос лифт    👉 Ганжуулсан шилэн тагтны хаалт    👉 Айл бүрт хүрэлцээтэй автомашины зогсоол 📍Байршил  : ХУД, 10-р хороо, Буянт-Ухаа нисэх буудлын замын баруун ард байрлалтай"
Паркет,1тагттай,Байхгүй,Вакум,Бүргэд,1,Ашиглалтадорсон,2011,15,55.0м²,7,Лизинггүй,УБ ," Сүхбаатар, Сүхбаатар, Хороо 3",Үзсэн:249,23/12/2023,https://www.unegui.mn/adv/7890266_tsirkiin-baruun-talyn-nomun-khotkhond-55m2-1-aroo-bair-zarna/,"
258сая₮



үнэтохирно

",1 өрөө,                                                      Циркийн баруун талын номун хотхонд 55м2 1 өрөө байр                          ,Хотын төвд 1 байр зарна.
Паркет,2тагттай,Байхгүй,Мод,Бүргэд,2,Ашиглалтадорсон,2001,12,27.0м²,7,Лизинггүй,УБ ," Сүхбаатар, Сүхбаатар, Хороо 15",Үзсэн:599,23/12/2023,https://www.unegui.mn/adv/7879848_1-oroo-bair-zarna-gal-togoo-tusdaa/,"
98сая₮



үнэтохирно

",1 өрөө,                                                      натурт 27м2 1 өрөө байр                          ,"БЗД, Натурын зам дагуу явж байгаад Sunday руу эргэдэг тойрог дээр Гал тогоо тусдаа 1- Өрөө байр зарна. Сургууль цэцэрлэгтэй ойрхон."
Паркет,1тагттай,Байхгүй,Вакум,Бүргэд,2,Ашиглалтадорсон,2014,15,37.1м²,7,Лизинггүй,УБ ," Сүхбаатар, Дөлгөөн нуур",Үзсэн:424,23/12/2023,https://www.unegui.mn/adv/7889920_khotyn-tovd-dolgoon-nuurt-1-oroo-bair-zarna/,"
105сая₮",1 өрөө,                                                      Хотын төвд Дөлгөөн-нуурт 1 өрөө 37.1м2 байр                          ,Хотын а бүсэд байрлах 15 давхар байрны 7 давхарт 2 цонх нь урагшаа харсан байрлалтай 37 м2 байр зарна.
